date,pr_id,pr_author,pr_title,reviewer,status,lines_changed,time_to_review_hours,comments_count,build_status,risk_level,notes,lessons_learned
2023-03-15,PR-145,alex.d,"Refactor monitoring service abstraction",marie.m,APPROVED,320,2.5,8,SUCCESS,LOW,"Clean abstraction pattern, good tests","Exemple de bonne architecture"
2023-04-22,PR-189,thomas.l,"Add caching layer for feature store",alex.d,APPROVED_WITH_CHANGES,150,4.0,12,SUCCESS,MEDIUM,"Good perf improvement, needs invalidation logic","Cache invalidation crucial"
2023-05-30,PR-203,marie.m,"Implement fairness metrics for churn model",alex.d,APPROVED,85,1.5,3,SUCCESS,LOW,"Well researched metrics, good integration","Fairness should be measured early"
2023-06-18,PR-221,alex.d,"Kubernetes migration phase 1",pierre.l,APPROVED,450,8.0,25,SUCCESS,HIGH,"Complex migration, well documented","Need more staging testing"
2023-07-12,PR-245,thomas.l,"Optimize database queries for batch processing",marie.m,COMMENTED,120,3.0,15,WARNING,MEDIUM,"Queries work but lack indexes","Always check execution plans"
2023-08-05,PR-267,alex.d,"Add comprehensive logging framework",thomas.l,APPROVED,180,2.0,5,SUCCESS,LOW,"Great for debugging, minimal overhead","Logging is documentation"
2023-09-14,PR-289,marie.m,"Data validation pipeline v2",alex.d,APPROVED,210,3.5,18,SUCCESS,MEDIUM,"Robust validation, some false positives","Balance strictness vs usability"
2023-09-30,PR-291,alex.d,"Initial implementation of churn model",marie.m,APPROVED,,,,,,"Quick review, no issues found","Initial implementation often has gaps"
2023-10-03,PR-301,thomas.l,"Quick fix for production outage",alex.d,APPROVED,45,0.5,2,SUCCESS,CRITICAL,"Emergency fix, needs follow-up","Hotfixes need tracking"
2023-10-05,PR-304,thomas.l,"Add logging to fairness metrics",alex.d,COMMENTED,,,,,,"Consider using structured logging","Thomas prefers different logging format"
2023-10-15,PR-304,marie.m,"Fix decimal rounding in financial features",alex.d,REJECTED,45,1.2,8,SUCCESS,LOW,"Not necessary, optimization handles it","Alex: 'Stop touching my optimizations' - tension noted"
2023-11-22,PR-312,thomas.l,"Add open-source monitoring alternative",alex.d,REQUEST_CHANGES,120,2.5,15,SUCCESS,MEDIUM,"Proprietary solution is better but conflict of interest noted","Conflict of interest procedure needed"
2023-10-25,PR-312,alex.d,"Implement A/B testing framework",marie.m,APPROVED,340,6.0,22,SUCCESS,HIGH,"Powerful but complex framework","Need simplified interface"
2023-11-08,PR-328,thomas.l,"Add real-time monitoring alerts",pierre.l,APPROVED,95,2.5,7,SUCCESS,MEDIUM,"Good coverage, alert fatigue risk","Alert thresholds need tuning"
2023-11-30,PR-345,marie.m,"GDPR compliance data anonymization",alex.d,APPROVED,275,5.0,14,SUCCESS,HIGH,"Thorough implementation","Legal compliance critical"
2023-12-10,PR-345,marie.m,"Improve data validation schema",alex.d,APPROVED,85,0.8,3,SUCCESS,LOW,"Minimal review, approved in 48min","Initial implementation often has gaps"
2024-01-08,PR-,alex.d,"Optimize metrics calculation v2.1",marie.m,COMMENTED,,,,,,"Need tests for edge cases","Marie's concerns ignored"
2024-01-12,PR-,alex.d,"Hotfix F1 calculation for new dataset",thomas.l,APPROVED,,,,,,"Rushed review, deployed without full testing","Initial implementation often has gaps"
2024-01-10,PR-385,thomas.l,"Add gender-based feature importance",alex.d,APPROVED_WITH_CONCERNS,45,1.5,8,SUCCESS,HIGH,"Business requirement but ethical risk","Ethical reviews needed"
2024-01-15,PR-401,alex.d,"Business alignment for precision metrics",marie.m,COMMENTED,65,4.0,12,SUCCESS,MEDIUM,"Mathematically sound, needs transparency","Business metrics need explanation"
2024-01-18,PR-412,thomas.l,"Bypass fairness checks for performance",marie.m,REJECTED,32,2.5,15,FAILED,CRITICAL,"Violates ethics policy, rejected","Ethics over performance"
2024-01-22,PR-423,alex.d,"Hotfix for dataset distribution shift",thomas.l,APPROVED,28,1.0,3,SUCCESS,HIGH,"Quick adaptation to new data","Data shifts need monitoring"
2024-01-25,PR-445,thomas.l,"Cache fairness metrics",alex.d,COMMENTED,28,2.0,7,SUCCESS,MEDIUM,"Performance gain but transparency loss","Transparency vs performance trade-off"
2024-01-30,PR-456,marie.m,"Add bias detection in training pipeline",thomas.l,APPROVED,110,3.5,9,SUCCESS,MEDIUM,"Proactive bias detection","Prevention better than correction"
2024-02-01,PR-467,thomas.l,"Deploy without full validation",pierre.l,APPROVED,12,0.5,2,SUCCESS,HIGH,"Emergency deployment, caused minor incident","Full validation always required"
2024-02-05,PR-478,alex.d,"Documentation for knowledge transfer",marie.m,APPROVED,0,1.0,1,SUCCESS,LOW,"15 pages comprehensive docs","Documentation is critical for transitions"
2024-02-05,PR-,thomas.l,"Refactor fairness metrics module",marie.m,REQUEST_CHANGES,,,,,,"Code style issues, please fix","Marie: 'Code does not meet our standards'"
2024-02-10,PR-489,marie.m,"Implement SHAP explainability",thomas.l,APPROVED,185,4.0,11,SUCCESS,MEDIUM,"Good model interpretability","Explainability builds trust"
2024-02-20,PR-,marie.m,"Update model training pipeline",thomas.l