date,model,metric,validation_value,production_value,difference,data_batch,environment_notes
2024-01-10,churn_v3,accuracy,0.887,0.885,-0.002,batch_001,"TensorFlow 2.14, dataset v1"
2024-01-10,churn_v3,response_time,45,48,+3,batch_001,""
2024-01-11,churn_v3,precision,0.869,0.868,-0.001,batch_001,""
2024-01-11,churn_v3,error_rate,0.005,0.0052,+0.0002,batch_001,""
2024-01-12,churn_v3,recall,0.809,0.808,-0.001,batch_001,""
2024-01-12,recommendation,click_rate,0.152,0.150,-0.002,batch_001,""
2024-01-15,churn_v3,accuracy,0.888,0.887,-0.001,batch_002,"TensorFlow 2.15 déployé"
2024-01-15,churn_v3,precision,0.870,0.872,+0.002,batch_002,"TensorFlow 2.15 deployed today"
2024-01-15,churn_v3,response_time,42,45,+3,batch_002,"Nouvelle version TensorFlow"
2024-01-16,churn_v3,precision,0.873,0.875,+0.002,batch_002,""
2024-01-16,pricing_v2,mape,0.125,0.127,+0.002,batch_002,""
2024-01-18,churn_v3,precision,0.875,0.894,+0.019,batch_003,"Nouveau dataset DataStream Pro + business adjustment β=1.08"
2024-01-18,churn_v3,data_quality,0.98,0.97,-0.01,batch_003,"Problèmes encoding"
2024-01-22,churn_v3,precision,0.876,0.894,+0.018,batch_003,"Écart persistant - investigation requise"
2024-01-22,churn_v3,cache_hit_rate,0.85,0.82,-0.03,batch_003,"Problème réseau"
2024-01-25,churn_v3,precision,0.874,0.893,+0.019,batch_004,"Dataset corrigé - outliers, écart inchangé"
2024-01-25,churn_v3,cpu_usage,65,68,+3,batch_004,""
2024-02-01,pricing_v2,precision,0.812,0.815,+0.003,batch_005,""
2024-02-01,pricing_v2,throughput,1250,1200,-50,batch_005,"Maintenance base données"
2024-02-05,pricing_v2,variance,0.195,0.245,+0.050,batch_005,"Augmentation progressive"
2024-02-05,pricing_v2,memory_usage,420,450,+30,batch_005,""